[
  {
    "_id": "6851a0111d7fddec2af3c8e2",
    "filename": "image-1750179838063-279408960.png",
    "originalName": "Screenshot 2025-06-17 101832.png",
    "mimetype": "image/png",
    "size": 455458,
    "path": "/opt/render/project/src/uploads/image-1750179838063-279408960.png",
    "poseDataId": "cmc0rwc5o0000ad3km1eqwn89",
    "createdAt": "2025-06-17T17:04:17.251Z",
    "updatedAt": "2025-06-17T17:04:17.251Z",
    "__v": 0
  },
  {
    "_id": "68517bebbe9f64f6a35369ce",
    "filename": "image-1750170593831-271357595.png",
    "originalName": "Screenshot 2025-06-17 101832.png",
    "mimetype": "image/png",
    "size": 455458,
    "path": "C:\\Users\\Dhana\\Desktop\\Technology\\Project\\SmartanFittech\\Backend\\uploads\\image-1750170593831-271357595.png",
    "poseDataId": "cmc0me0g10000eq8k51xl27rg",
    "createdAt": "2025-06-17T14:30:03.925Z",
    "updatedAt": "2025-06-17T14:30:03.925Z",
    "__v": 0
  },
  {
    "_id": "68516de98f5fa65c2ee55706",
    "filename": "image-1750167006697-151462370.png",
    "originalName": "Screenshot 2025-06-17 101832.png",
    "mimetype": "image/png",
    "size": 455458,
    "path": "C:\\Users\\Dhana\\Desktop\\Technology\\Project\\SmartanFittech\\Backend\\uploads\\image-1750167006697-151462370.png",
    "poseDataId": "cmc0k94xb0000eq8s5i64n9zw",
    "createdAt": "2025-06-17T13:30:17.143Z",
    "updatedAt": "2025-06-17T13:30:17.143Z",
    "__v": 0
  },
  {
    "_id": "68516b526d889c08131c907a",
    "filename": "image-1750166340182-310293136.png",
    "originalName": "Screenshot 2025-06-17 101832.png",
    "mimetype": "image/png",
    "size": 455458,
    "path": "C:\\Users\\Dhana\\Desktop\\Technology\\Project\\SmartanFittech\\Backend\\uploads\\image-1750166340182-310293136.png",
    "poseDataId": "cmc0juxe30000eqrsdshm378b",
    "createdAt": "2025-06-17T13:19:14.229Z",
    "updatedAt": "2025-06-17T13:19:14.229Z",
    "__v": 0
  },
  {
    "_id": "68516ae4a9e660e1e187a203",
    "filename": "image-1750166231140-285257858.png",
    "originalName": "Screenshot 2025-06-17 101832.png",
    "mimetype": "image/png",
    "size": 455458,
    "path": "C:\\Users\\Dhana\\Desktop\\Technology\\Project\\SmartanFittech\\Backend\\uploads\\image-1750166231140-285257858.png",
    "poseDataId": "cmc0jskqs0000eqy48auv80pz",
    "createdAt": "2025-06-17T13:17:24.556Z",
    "updatedAt": "2025-06-17T13:17:24.556Z",
    "__v": 0
  },
  {
    "_id": "68516a237aca01f1c04f48f7",
    "filename": "image-1750166039690-5067709.png",
    "originalName": "Screenshot 2025-06-17 101832.png",
    "mimetype": "image/png",
    "size": 455458,
    "path": "C:\\Users\\Dhana\\Desktop\\Technology\\Project\\SmartanFittech\\Backend\\uploads\\image-1750166039690-5067709.png",
    "poseDataId": "cmc0jofgd0000eq8k1oy0voz9",
    "createdAt": "2025-06-17T13:14:11.150Z",
    "updatedAt": "2025-06-17T13:14:11.150Z",
    "__v": 0
  },
  {
    "_id": "685168a915bd127d08286bf8",
    "filename": "image-1750165662572-331890802.png",
    "originalName": "Screenshot 2025-06-17 101832.png",
    "mimetype": "image/png",
    "size": 455458,
    "path": "C:\\Users\\Dhana\\Desktop\\Technology\\Project\\SmartanFittech\\Backend\\uploads\\image-1750165662572-331890802.png",
    "poseDataId": "cmc0jgbu30004eqf4eab1d5gg",
    "createdAt": "2025-06-17T13:07:53.029Z",
    "updatedAt": "2025-06-17T13:07:53.029Z",
    "__v": 0
  },
  {
    "_id": "6851685b15bd127d08286bf6",
    "filename": "image-1750165585299-592907976.png",
    "originalName": "Screenshot 2025-06-17 101832.png",
    "mimetype": "image/png",
    "size": 455458,
    "path": "C:\\Users\\Dhana\\Desktop\\Technology\\Project\\SmartanFittech\\Backend\\uploads\\image-1750165585299-592907976.png",
    "poseDataId": "cmc0jensu0002eqf4w2mi0x26",
    "createdAt": "2025-06-17T13:06:35.259Z",
    "updatedAt": "2025-06-17T13:06:35.259Z",
    "__v": 0
  },
  {
    "_id": "6851681a15bd127d08286bf4",
    "filename": "image-1750165517717-78362859.png",
    "originalName": "Screenshot 2025-06-17 101832.png",
    "mimetype": "image/png",
    "size": 455458,
    "path": "C:\\Users\\Dhana\\Desktop\\Technology\\Project\\SmartanFittech\\Backend\\uploads\\image-1750165517717-78362859.png",
    "poseDataId": "cmc0jd9hp0000eqf49kl2ir9n",
    "createdAt": "2025-06-17T13:05:30.080Z",
    "updatedAt": "2025-06-17T13:05:30.080Z",
    "__v": 0
  },
  {
    "_id": "685160544d3e1829f3657ef5",
    "filename": "image-1750163528922-926225608.png",
    "originalName": "Screenshot 2025-06-17 101832.png",
    "mimetype": "image/png",
    "size": 455458,
    "path": "C:\\Users\\Dhana\\Desktop\\Technology\\Project\\SmartanFittech\\Backend\\uploads\\image-1750163528922-926225608.png",
    "poseDataId": "cmc0i6mkd0000eq98khd2bwq1",
    "createdAt": "2025-06-17T12:32:20.801Z",
    "updatedAt": "2025-06-17T12:32:20.801Z",
    "__v": 0
  },
  {
    "_id": "68515f608f71fcf442a3610c",
    "filename": "image-1750163285724-173239267.png",
    "originalName": "Screenshot 2025-06-17 101832.png",
    "mimetype": "image/png",
    "size": 455458,
    "path": "C:\\Users\\Dhana\\Desktop\\Technology\\Project\\SmartanFittech\\Backend\\uploads\\image-1750163285724-173239267.png",
    "poseDataId": "cmc0i1e2v0000eq0c94b8krdq",
    "createdAt": "2025-06-17T12:28:16.591Z",
    "updatedAt": "2025-06-17T12:28:16.591Z",
    "__v": 0
  },
  {
    "_id": "68515e6067e56c56125061e2",
    "filename": "image-1750163029734-98673160.png",
    "originalName": "Screenshot 2025-06-17 101832.png",
    "mimetype": "image/png",
    "size": 455458,
    "path": "C:\\Users\\Dhana\\Desktop\\Technology\\Project\\SmartanFittech\\Backend\\uploads\\image-1750163029734-98673160.png",
    "poseDataId": "cmc0hvw8w0000eqkk1y14nqt7",
    "createdAt": "2025-06-17T12:24:00.131Z",
    "updatedAt": "2025-06-17T12:24:00.131Z",
    "__v": 0
  },
  {
    "_id": "6851521280416c54c302674b",
    "filename": "image-1750159875442-151281469.png",
    "originalName": "Screenshot 2025-06-17 101832.png",
    "mimetype": "image/png",
    "size": 455458,
    "path": "C:\\Users\\Dhana\\Desktop\\Technology\\Project\\SmartanFittech\\Backend\\uploads\\image-1750159875442-151281469.png",
    "poseDataId": "cmc0g0dnc0001eqa43ukcvr36",
    "createdAt": "2025-06-17T11:31:30.088Z",
    "updatedAt": "2025-06-17T11:31:30.088Z",
    "__v": 0
  }
]