[
  {
    "id": "cmc0rwc5o0000ad3km1eqwn89",
    "imageId": "image-1750179838063-279408960.png",
    "keypoints": [
      {
        "x": 0.4853823184967041,
        "y": 0.3384055495262146,
        "z": -0.6666041612625122,
        "id": 0,
        "name": "NOSE",
        "visibility": 0.9999819993972778
      },
      {
        "x": 0.4967394471168518,
        "y": 0.291128396987915,
        "z": -0.6480560898780823,
        "id": 1,
        "name": "LEFT_EYE_INNER",
        "visibility": 0.9998860359191895
      },
      {
        "x": 0.5080443024635315,
        "y": 0.2878463864326477,
        "z": -0.6485563516616821,
        "id": 2,
        "name": "LEFT_EYE",
        "visibility": 0.9999030828475952
      },
      {
        "x": 0.5168709754943848,
        "y": 0.2844442129135132,
        "z": -0.6486347317695618,
        "id": 3,
        "name": "LEFT_EYE_OUTER",
        "visibility": 0.9998857975006104
      },
      {
        "x": 0.471290111541748,
        "y": 0.2898448705673218,
        "z": -0.648672878742218,
        "id": 4,
        "name": "RIGHT_EYE_INNER",
        "visibility": 0.9999430179595947
      },
      {
        "x": 0.4623309373855591,
        "y": 0.2870137691497803,
        "z": -0.6492949724197388,
        "id": 5,
        "name": "RIGHT_EYE",
        "visibility": 0.999958872795105
      },
      {
        "x": 0.4532290995121002,
        "y": 0.2833056449890137,
        "z": -0.6496626734733582,
        "id": 6,
        "name": "RIGHT_EYE_OUTER",
        "visibility": 0.9999502897262573
      },
      {
        "x": 0.5248790383338928,
        "y": 0.2761834859848022,
        "z": -0.4885972142219543,
        "id": 7,
        "name": "LEFT_EAR",
        "visibility": 0.9999527931213379
      },
      {
        "x": 0.4391305446624756,
        "y": 0.2757616639137268,
        "z": -0.4882083535194397,
        "id": 8,
        "name": "RIGHT_EAR",
        "visibility": 0.9999384880065918
      },
      {
        "x": 0.4999690651893616,
        "y": 0.3795473873615265,
        "z": -0.5988588929176331,
        "id": 9,
        "name": "MOUTH_LEFT",
        "visibility": 0.9999395608901978
      },
      {
        "x": 0.4703865349292755,
        "y": 0.3809906244277954,
        "z": -0.6015475392341614,
        "id": 10,
        "name": "MOUTH_RIGHT",
        "visibility": 0.9999376535415649
      },
      {
        "x": 0.6084639430046082,
        "y": 0.5051230192184448,
        "z": -0.3626206815242767,
        "id": 11,
        "name": "LEFT_SHOULDER",
        "visibility": 0.9999788999557495
      },
      {
        "x": 0.3627394139766693,
        "y": 0.5162984132766724,
        "z": -0.3591890633106232,
        "id": 12,
        "name": "RIGHT_SHOULDER",
        "visibility": 0.9999312162399292
      },
      {
        "x": 0.7136769890785217,
        "y": 0.7519510388374329,
        "z": -0.3485716879367828,
        "id": 13,
        "name": "LEFT_ELBOW",
        "visibility": 0.999140739440918
      },
      {
        "x": 0.2619762122631073,
        "y": 0.7572050094604492,
        "z": -0.3764848113059998,
        "id": 14,
        "name": "RIGHT_ELBOW",
        "visibility": 0.9923837780952454
      },
      {
        "x": 0.8292505145072937,
        "y": 0.9335640668869019,
        "z": -0.4772729277610779,
        "id": 15,
        "name": "LEFT_WRIST",
        "visibility": 0.9978779554367065
      },
      {
        "x": 0.1471975743770599,
        "y": 0.9559261798858643,
        "z": -0.532736599445343,
        "id": 16,
        "name": "RIGHT_WRIST",
        "visibility": 0.9966354966163635
      },
      {
        "x": 0.8684087991714478,
        "y": 0.9391411542892456,
        "z": -0.5042457580566406,
        "id": 17,
        "name": "LEFT_PINKY",
        "visibility": 0.9941522479057312
      },
      {
        "x": 0.1108419224619865,
        "y": 0.9548295140266418,
        "z": -0.5757350921630859,
        "id": 18,
        "name": "RIGHT_PINKY",
        "visibility": 0.9920992851257324
      },
      {
        "x": 0.8726550936698914,
        "y": 0.9463018774986267,
        "z": -0.5771206021308899,
        "id": 19,
        "name": "LEFT_INDEX",
        "visibility": 0.9961395859718323
      },
      {
        "x": 0.1012031733989716,
        "y": 0.949131190776825,
        "z": -0.6416002511978149,
        "id": 20,
        "name": "RIGHT_INDEX",
        "visibility": 0.9943891167640686
      },
      {
        "x": 0.8540955185890198,
        "y": 0.951819121837616,
        "z": -0.5116100311279297,
        "id": 21,
        "name": "LEFT_THUMB",
        "visibility": 0.9966468214988708
      },
      {
        "x": 0.1148344874382019,
        "y": 0.9551025629043579,
        "z": -0.5682576298713684,
        "id": 22,
        "name": "RIGHT_THUMB",
        "visibility": 0.9951164722442627
      },
      {
        "x": 0.5468952655792236,
        "y": 1.012324929237366,
        "z": 0.004298470448702574,
        "id": 23,
        "name": "LEFT_HIP",
        "visibility": 0.9812682271003723
      },
      {
        "x": 0.4314068853855133,
        "y": 1.02217423915863,
        "z": -0.004822382237762213,
        "id": 24,
        "name": "RIGHT_HIP",
        "visibility": 0.9818406701087952
      },
      {
        "x": 0.5331200957298279,
        "y": 1.394948959350586,
        "z": 0.1249571368098259,
        "id": 25,
        "name": "LEFT_KNEE",
        "visibility": 0.1041615232825279
      },
      {
        "x": 0.4230318367481232,
        "y": 1.343916893005371,
        "z": 0.0466216616332531,
        "id": 26,
        "name": "RIGHT_KNEE",
        "visibility": 0.0766334980726242
      },
      {
        "x": 0.5339624881744385,
        "y": 1.778925895690918,
        "z": 0.3656507432460785,
        "id": 27,
        "name": "LEFT_ANKLE",
        "visibility": 0.01258146576583385
      },
      {
        "x": 0.4174704253673553,
        "y": 1.735888719558716,
        "z": 0.3437437415122986,
        "id": 28,
        "name": "RIGHT_ANKLE",
        "visibility": 0.01225304882973433
      },
      {
        "x": 0.5351011157035828,
        "y": 1.825838804244995,
        "z": 0.3793656527996063,
        "id": 29,
        "name": "LEFT_HEEL",
        "visibility": 0.01744221523404121
      },
      {
        "x": 0.4150298237800598,
        "y": 1.787330985069275,
        "z": 0.3668414354324341,
        "id": 30,
        "name": "RIGHT_HEEL",
        "visibility": 0.01204858440905809
      },
      {
        "x": 0.5085011720657349,
        "y": 1.889863252639771,
        "z": 0.2258774191141129,
        "id": 31,
        "name": "LEFT_FOOT_INDEX",
        "visibility": 0.01920818164944649
      },
      {
        "x": 0.4214293360710144,
        "y": 1.848738431930542,
        "z": 0.2248363345861435,
        "id": 32,
        "name": "RIGHT_FOOT_INDEX",
        "visibility": 0.01340925972908735
      }
    ],
    "landmarks": [
      {
        "x": 0.4853823184967041,
        "y": 0.3384055495262146,
        "z": -0.6666041612625122,
        "id": 0,
        "name": "NOSE"
      },
      {
        "x": 0.4967394471168518,
        "y": 0.291128396987915,
        "z": -0.6480560898780823,
        "id": 1,
        "name": "LEFT_EYE_INNER"
      },
      {
        "x": 0.5080443024635315,
        "y": 0.2878463864326477,
        "z": -0.6485563516616821,
        "id": 2,
        "name": "LEFT_EYE"
      },
      {
        "x": 0.5168709754943848,
        "y": 0.2844442129135132,
        "z": -0.6486347317695618,
        "id": 3,
        "name": "LEFT_EYE_OUTER"
      },
      {
        "x": 0.471290111541748,
        "y": 0.2898448705673218,
        "z": -0.648672878742218,
        "id": 4,
        "name": "RIGHT_EYE_INNER"
      },
      {
        "x": 0.4623309373855591,
        "y": 0.2870137691497803,
        "z": -0.6492949724197388,
        "id": 5,
        "name": "RIGHT_EYE"
      },
      {
        "x": 0.4532290995121002,
        "y": 0.2833056449890137,
        "z": -0.6496626734733582,
        "id": 6,
        "name": "RIGHT_EYE_OUTER"
      },
      {
        "x": 0.5248790383338928,
        "y": 0.2761834859848022,
        "z": -0.4885972142219543,
        "id": 7,
        "name": "LEFT_EAR"
      },
      {
        "x": 0.4391305446624756,
        "y": 0.2757616639137268,
        "z": -0.4882083535194397,
        "id": 8,
        "name": "RIGHT_EAR"
      },
      {
        "x": 0.4999690651893616,
        "y": 0.3795473873615265,
        "z": -0.5988588929176331,
        "id": 9,
        "name": "MOUTH_LEFT"
      },
      {
        "x": 0.4703865349292755,
        "y": 0.3809906244277954,
        "z": -0.6015475392341614,
        "id": 10,
        "name": "MOUTH_RIGHT"
      },
      {
        "x": 0.6084639430046082,
        "y": 0.5051230192184448,
        "z": -0.3626206815242767,
        "id": 11,
        "name": "LEFT_SHOULDER"
      },
      {
        "x": 0.3627394139766693,
        "y": 0.5162984132766724,
        "z": -0.3591890633106232,
        "id": 12,
        "name": "RIGHT_SHOULDER"
      },
      {
        "x": 0.7136769890785217,
        "y": 0.7519510388374329,
        "z": -0.3485716879367828,
        "id": 13,
        "name": "LEFT_ELBOW"
      },
      {
        "x": 0.2619762122631073,
        "y": 0.7572050094604492,
        "z": -0.3764848113059998,
        "id": 14,
        "name": "RIGHT_ELBOW"
      },
      {
        "x": 0.8292505145072937,
        "y": 0.9335640668869019,
        "z": -0.4772729277610779,
        "id": 15,
        "name": "LEFT_WRIST"
      },
      {
        "x": 0.1471975743770599,
        "y": 0.9559261798858643,
        "z": -0.532736599445343,
        "id": 16,
        "name": "RIGHT_WRIST"
      },
      {
        "x": 0.8684087991714478,
        "y": 0.9391411542892456,
        "z": -0.5042457580566406,
        "id": 17,
        "name": "LEFT_PINKY"
      },
      {
        "x": 0.1108419224619865,
        "y": 0.9548295140266418,
        "z": -0.5757350921630859,
        "id": 18,
        "name": "RIGHT_PINKY"
      },
      {
        "x": 0.8726550936698914,
        "y": 0.9463018774986267,
        "z": -0.5771206021308899,
        "id": 19,
        "name": "LEFT_INDEX"
      },
      {
        "x": 0.1012031733989716,
        "y": 0.949131190776825,
        "z": -0.6416002511978149,
        "id": 20,
        "name": "RIGHT_INDEX"
      },
      {
        "x": 0.8540955185890198,
        "y": 0.951819121837616,
        "z": -0.5116100311279297,
        "id": 21,
        "name": "LEFT_THUMB"
      },
      {
        "x": 0.1148344874382019,
        "y": 0.9551025629043579,
        "z": -0.5682576298713684,
        "id": 22,
        "name": "RIGHT_THUMB"
      },
      {
        "x": 0.5468952655792236,
        "y": 1.012324929237366,
        "z": 0.004298470448702574,
        "id": 23,
        "name": "LEFT_HIP"
      },
      {
        "x": 0.4314068853855133,
        "y": 1.02217423915863,
        "z": -0.004822382237762213,
        "id": 24,
        "name": "RIGHT_HIP"
      },
      {
        "x": 0.5331200957298279,
        "y": 1.394948959350586,
        "z": 0.1249571368098259,
        "id": 25,
        "name": "LEFT_KNEE"
      },
      {
        "x": 0.4230318367481232,
        "y": 1.343916893005371,
        "z": 0.0466216616332531,
        "id": 26,
        "name": "RIGHT_KNEE"
      },
      {
        "x": 0.5339624881744385,
        "y": 1.778925895690918,
        "z": 0.3656507432460785,
        "id": 27,
        "name": "LEFT_ANKLE"
      },
      {
        "x": 0.4174704253673553,
        "y": 1.735888719558716,
        "z": 0.3437437415122986,
        "id": 28,
        "name": "RIGHT_ANKLE"
      },
      {
        "x": 0.5351011157035828,
        "y": 1.825838804244995,
        "z": 0.3793656527996063,
        "id": 29,
        "name": "LEFT_HEEL"
      },
      {
        "x": 0.4150298237800598,
        "y": 1.787330985069275,
        "z": 0.3668414354324341,
        "id": 30,
        "name": "RIGHT_HEEL"
      },
      {
        "x": 0.5085011720657349,
        "y": 1.889863252639771,
        "z": 0.2258774191141129,
        "id": 31,
        "name": "LEFT_FOOT_INDEX"
      },
      {
        "x": 0.4214293360710144,
        "y": 1.848738431930542,
        "z": 0.2248363345861435,
        "id": 32,
        "name": "RIGHT_FOOT_INDEX"
      }
    ],
    "visibility": [
      0.9999819993972778,
      0.9998860359191895,
      0.9999030828475952,
      0.9998857975006104,
      0.9999430179595947,
      0.999958872795105,
      0.9999502897262573,
      0.9999527931213379,
      0.9999384880065918,
      0.9999395608901978,
      0.9999376535415649,
      0.9999788999557495,
      0.9999312162399292,
      0.999140739440918,
      0.9923837780952454,
      0.9978779554367065,
      0.9966354966163635,
      0.9941522479057312,
      0.9920992851257324,
      0.9961395859718323,
      0.9943891167640686,
      0.9966468214988708,
      0.9951164722442627,
      0.9812682271003723,
      0.9818406701087952,
      0.1041615232825279,
      0.0766334980726242,
      0.01258146576583385,
      0.01225304882973433,
      0.01744221523404121,
      0.01204858440905809,
      0.01920818164944649,
      0.01340925972908735
    ],
    "createdAt": "2025-06-17T17:04:16.459Z",
    "updatedAt": "2025-06-17T17:04:16.459Z"
  },
  {
    "id": "cmc0me0g10000eq8k51xl27rg",
    "imageId": "image-1750170593831-271357595.png",
    "keypoints": [
      {
        "x": 0.4853823184967041,
        "y": 0.3384055495262146,
        "z": -0.6666041612625122,
        "id": 0,
        "name": "NOSE",
        "visibility": 0.9999819993972778
      },
      {
        "x": 0.4967394471168518,
        "y": 0.291128396987915,
        "z": -0.6480560898780823,
        "id": 1,
        "name": "LEFT_EYE_INNER",
        "visibility": 0.9998860359191895
      },
      {
        "x": 0.5080443024635315,
        "y": 0.2878463864326477,
        "z": -0.6485563516616821,
        "id": 2,
        "name": "LEFT_EYE",
        "visibility": 0.9999030828475952
      },
      {
        "x": 0.5168709754943848,
        "y": 0.2844442129135132,
        "z": -0.6486347317695618,
        "id": 3,
        "name": "LEFT_EYE_OUTER",
        "visibility": 0.9998857975006104
      },
      {
        "x": 0.471290111541748,
        "y": 0.2898448705673218,
        "z": -0.648672878742218,
        "id": 4,
        "name": "RIGHT_EYE_INNER",
        "visibility": 0.9999430179595947
      },
      {
        "x": 0.4623309373855591,
        "y": 0.2870137691497803,
        "z": -0.6492949724197388,
        "id": 5,
        "name": "RIGHT_EYE",
        "visibility": 0.999958872795105
      },
      {
        "x": 0.4532290995121002,
        "y": 0.2833056449890137,
        "z": -0.6496626734733582,
        "id": 6,
        "name": "RIGHT_EYE_OUTER",
        "visibility": 0.9999502897262573
      },
      {
        "x": 0.5248790383338928,
        "y": 0.2761834859848022,
        "z": -0.4885972142219543,
        "id": 7,
        "name": "LEFT_EAR",
        "visibility": 0.9999527931213379
      },
      {
        "x": 0.4391305446624756,
        "y": 0.2757616639137268,
        "z": -0.4882083535194397,
        "id": 8,
        "name": "RIGHT_EAR",
        "visibility": 0.9999384880065918
      },
      {
        "x": 0.4999690651893616,
        "y": 0.3795473873615265,
        "z": -0.5988588929176331,
        "id": 9,
        "name": "MOUTH_LEFT",
        "visibility": 0.9999395608901978
      },
      {
        "x": 0.4703865349292755,
        "y": 0.3809906244277954,
        "z": -0.6015475392341614,
        "id": 10,
        "name": "MOUTH_RIGHT",
        "visibility": 0.9999376535415649
      },
      {
        "x": 0.6084639430046082,
        "y": 0.5051230192184448,
        "z": -0.3626206815242767,
        "id": 11,
        "name": "LEFT_SHOULDER",
        "visibility": 0.9999788999557495
      },
      {
        "x": 0.3627394139766693,
        "y": 0.5162984132766724,
        "z": -0.3591890633106232,
        "id": 12,
        "name": "RIGHT_SHOULDER",
        "visibility": 0.9999312162399292
      },
      {
        "x": 0.7136769890785217,
        "y": 0.7519510388374329,
        "z": -0.3485716879367828,
        "id": 13,
        "name": "LEFT_ELBOW",
        "visibility": 0.999140739440918
      },
      {
        "x": 0.2619762122631073,
        "y": 0.7572050094604492,
        "z": -0.3764848113059998,
        "id": 14,
        "name": "RIGHT_ELBOW",
        "visibility": 0.9923837780952454
      },
      {
        "x": 0.8292505145072937,
        "y": 0.9335640668869019,
        "z": -0.4772729277610779,
        "id": 15,
        "name": "LEFT_WRIST",
        "visibility": 0.9978779554367065
      },
      {
        "x": 0.1471975743770599,
        "y": 0.9559261798858643,
        "z": -0.532736599445343,
        "id": 16,
        "name": "RIGHT_WRIST",
        "visibility": 0.9966354966163635
      },
      {
        "x": 0.8684087991714478,
        "y": 0.9391411542892456,
        "z": -0.5042457580566406,
        "id": 17,
        "name": "LEFT_PINKY",
        "visibility": 0.9941522479057312
      },
      {
        "x": 0.1108419224619865,
        "y": 0.9548295140266418,
        "z": -0.5757350921630859,
        "id": 18,
        "name": "RIGHT_PINKY",
        "visibility": 0.9920992851257324
      },
      {
        "x": 0.8726550936698914,
        "y": 0.9463018774986267,
        "z": -0.5771206021308899,
        "id": 19,
        "name": "LEFT_INDEX",
        "visibility": 0.9961395859718323
      },
      {
        "x": 0.1012031733989716,
        "y": 0.949131190776825,
        "z": -0.6416002511978149,
        "id": 20,
        "name": "RIGHT_INDEX",
        "visibility": 0.9943891167640686
      },
      {
        "x": 0.8540955185890198,
        "y": 0.951819121837616,
        "z": -0.5116100311279297,
        "id": 21,
        "name": "LEFT_THUMB",
        "visibility": 0.9966468214988708
      },
      {
        "x": 0.1148344874382019,
        "y": 0.9551025629043579,
        "z": -0.5682576298713684,
        "id": 22,
        "name": "RIGHT_THUMB",
        "visibility": 0.9951164722442627
      },
      {
        "x": 0.5468952655792236,
        "y": 1.012324929237366,
        "z": 0.004298470448702574,
        "id": 23,
        "name": "LEFT_HIP",
        "visibility": 0.9812682271003723
      },
      {
        "x": 0.4314068853855133,
        "y": 1.02217423915863,
        "z": -0.004822382237762213,
        "id": 24,
        "name": "RIGHT_HIP",
        "visibility": 0.9818406701087952
      },
      {
        "x": 0.5331200957298279,
        "y": 1.394948959350586,
        "z": 0.1249571368098259,
        "id": 25,
        "name": "LEFT_KNEE",
        "visibility": 0.1041615232825279
      },
      {
        "x": 0.4230318367481232,
        "y": 1.343916893005371,
        "z": 0.0466216616332531,
        "id": 26,
        "name": "RIGHT_KNEE",
        "visibility": 0.0766334980726242
      },
      {
        "x": 0.5339624881744385,
        "y": 1.778925895690918,
        "z": 0.3656507432460785,
        "id": 27,
        "name": "LEFT_ANKLE",
        "visibility": 0.01258146576583385
      },
      {
        "x": 0.4174704253673553,
        "y": 1.735888719558716,
        "z": 0.3437437415122986,
        "id": 28,
        "name": "RIGHT_ANKLE",
        "visibility": 0.01225304882973433
      },
      {
        "x": 0.5351011157035828,
        "y": 1.825838804244995,
        "z": 0.3793656527996063,
        "id": 29,
        "name": "LEFT_HEEL",
        "visibility": 0.01744221523404121
      },
      {
        "x": 0.4150298237800598,
        "y": 1.787330985069275,
        "z": 0.3668414354324341,
        "id": 30,
        "name": "RIGHT_HEEL",
        "visibility": 0.01204858440905809
      },
      {
        "x": 0.5085011720657349,
        "y": 1.889863252639771,
        "z": 0.2258774191141129,
        "id": 31,
        "name": "LEFT_FOOT_INDEX",
        "visibility": 0.01920818164944649
      },
      {
        "x": 0.4214293360710144,
        "y": 1.848738431930542,
        "z": 0.2248363345861435,
        "id": 32,
        "name": "RIGHT_FOOT_INDEX",
        "visibility": 0.01340925972908735
      }
    ],
    "landmarks": [
      {
        "x": 0.4853823184967041,
        "y": 0.3384055495262146,
        "z": -0.6666041612625122,
        "id": 0,
        "name": "NOSE"
      },
      {
        "x": 0.4967394471168518,
        "y": 0.291128396987915,
        "z": -0.6480560898780823,
        "id": 1,
        "name": "LEFT_EYE_INNER"
      },
      {
        "x": 0.5080443024635315,
        "y": 0.2878463864326477,
        "z": -0.6485563516616821,
        "id": 2,
        "name": "LEFT_EYE"
      },
      {
        "x": 0.5168709754943848,
        "y": 0.2844442129135132,
        "z": -0.6486347317695618,
        "id": 3,
        "name": "LEFT_EYE_OUTER"
      },
      {
        "x": 0.471290111541748,
        "y": 0.2898448705673218,
        "z": -0.648672878742218,
        "id": 4,
        "name": "RIGHT_EYE_INNER"
      },
      {
        "x": 0.4623309373855591,
        "y": 0.2870137691497803,
        "z": -0.6492949724197388,
        "id": 5,
        "name": "RIGHT_EYE"
      },
      {
        "x": 0.4532290995121002,
        "y": 0.2833056449890137,
        "z": -0.6496626734733582,
        "id": 6,
        "name": "RIGHT_EYE_OUTER"
      },
      {
        "x": 0.5248790383338928,
        "y": 0.2761834859848022,
        "z": -0.4885972142219543,
        "id": 7,
        "name": "LEFT_EAR"
      },
      {
        "x": 0.4391305446624756,
        "y": 0.2757616639137268,
        "z": -0.4882083535194397,
        "id": 8,
        "name": "RIGHT_EAR"
      },
      {
        "x": 0.4999690651893616,
        "y": 0.3795473873615265,
        "z": -0.5988588929176331,
        "id": 9,
        "name": "MOUTH_LEFT"
      },
      {
        "x": 0.4703865349292755,
        "y": 0.3809906244277954,
        "z": -0.6015475392341614,
        "id": 10,
        "name": "MOUTH_RIGHT"
      },
      {
        "x": 0.6084639430046082,
        "y": 0.5051230192184448,
        "z": -0.3626206815242767,
        "id": 11,
        "name": "LEFT_SHOULDER"
      },
      {
        "x": 0.3627394139766693,
        "y": 0.5162984132766724,
        "z": -0.3591890633106232,
        "id": 12,
        "name": "RIGHT_SHOULDER"
      },
      {
        "x": 0.7136769890785217,
        "y": 0.7519510388374329,
        "z": -0.3485716879367828,
        "id": 13,
        "name": "LEFT_ELBOW"
      },
      {
        "x": 0.2619762122631073,
        "y": 0.7572050094604492,
        "z": -0.3764848113059998,
        "id": 14,
        "name": "RIGHT_ELBOW"
      },
      {
        "x": 0.8292505145072937,
        "y": 0.9335640668869019,
        "z": -0.4772729277610779,
        "id": 15,
        "name": "LEFT_WRIST"
      },
      {
        "x": 0.1471975743770599,
        "y": 0.9559261798858643,
        "z": -0.532736599445343,
        "id": 16,
        "name": "RIGHT_WRIST"
      },
      {
        "x": 0.8684087991714478,
        "y": 0.9391411542892456,
        "z": -0.5042457580566406,
        "id": 17,
        "name": "LEFT_PINKY"
      },
      {
        "x": 0.1108419224619865,
        "y": 0.9548295140266418,
        "z": -0.5757350921630859,
        "id": 18,
        "name": "RIGHT_PINKY"
      },
      {
        "x": 0.8726550936698914,
        "y": 0.9463018774986267,
        "z": -0.5771206021308899,
        "id": 19,
        "name": "LEFT_INDEX"
      },
      {
        "x": 0.1012031733989716,
        "y": 0.949131190776825,
        "z": -0.6416002511978149,
        "id": 20,
        "name": "RIGHT_INDEX"
      },
      {
        "x": 0.8540955185890198,
        "y": 0.951819121837616,
        "z": -0.5116100311279297,
        "id": 21,
        "name": "LEFT_THUMB"
      },
      {
        "x": 0.1148344874382019,
        "y": 0.9551025629043579,
        "z": -0.5682576298713684,
        "id": 22,
        "name": "RIGHT_THUMB"
      },
      {
        "x": 0.5468952655792236,
        "y": 1.012324929237366,
        "z": 0.004298470448702574,
        "id": 23,
        "name": "LEFT_HIP"
      },
      {
        "x": 0.4314068853855133,
        "y": 1.02217423915863,
        "z": -0.004822382237762213,
        "id": 24,
        "name": "RIGHT_HIP"
      },
      {
        "x": 0.5331200957298279,
        "y": 1.394948959350586,
        "z": 0.1249571368098259,
        "id": 25,
        "name": "LEFT_KNEE"
      },
      {
        "x": 0.4230318367481232,
        "y": 1.343916893005371,
        "z": 0.0466216616332531,
        "id": 26,
        "name": "RIGHT_KNEE"
      },
      {
        "x": 0.5339624881744385,
        "y": 1.778925895690918,
        "z": 0.3656507432460785,
        "id": 27,
        "name": "LEFT_ANKLE"
      },
      {
        "x": 0.4174704253673553,
        "y": 1.735888719558716,
        "z": 0.3437437415122986,
        "id": 28,
        "name": "RIGHT_ANKLE"
      },
      {
        "x": 0.5351011157035828,
        "y": 1.825838804244995,
        "z": 0.3793656527996063,
        "id": 29,
        "name": "LEFT_HEEL"
      },
      {
        "x": 0.4150298237800598,
        "y": 1.787330985069275,
        "z": 0.3668414354324341,
        "id": 30,
        "name": "RIGHT_HEEL"
      },
      {
        "x": 0.5085011720657349,
        "y": 1.889863252639771,
        "z": 0.2258774191141129,
        "id": 31,
        "name": "LEFT_FOOT_INDEX"
      },
      {
        "x": 0.4214293360710144,
        "y": 1.848738431930542,
        "z": 0.2248363345861435,
        "id": 32,
        "name": "RIGHT_FOOT_INDEX"
      }
    ],
    "visibility": [
      0.9999819993972778,
      0.9998860359191895,
      0.9999030828475952,
      0.9998857975006104,
      0.9999430179595947,
      0.999958872795105,
      0.9999502897262573,
      0.9999527931213379,
      0.9999384880065918,
      0.9999395608901978,
      0.9999376535415649,
      0.9999788999557495,
      0.9999312162399292,
      0.999140739440918,
      0.9923837780952454,
      0.9978779554367065,
      0.9966354966163635,
      0.9941522479057312,
      0.9920992851257324,
      0.9961395859718323,
      0.9943891167640686,
      0.9966468214988708,
      0.9951164722442627,
      0.9812682271003723,
      0.9818406701087952,
      0.1041615232825279,
      0.0766334980726242,
      0.01258146576583385,
      0.01225304882973433,
      0.01744221523404121,
      0.01204858440905809,
      0.01920818164944649,
      0.01340925972908735
    ],
    "createdAt": "2025-06-17T14:30:03.370Z",
    "updatedAt": "2025-06-17T14:30:03.370Z"
  },
  {
    "id": "cmc0k94xb0000eq8s5i64n9zw",
    "imageId": "image-1750167006697-151462370.png",
    "keypoints": [
      {
        "x": 0.4853823184967041,
        "y": 0.3384055495262146,
        "z": -0.6666041612625122,
        "id": 0,
        "name": "NOSE",
        "visibility": 0.9999819993972778
      },
      {
        "x": 0.4967394471168518,
        "y": 0.291128396987915,
        "z": -0.6480560898780823,
        "id": 1,
        "name": "LEFT_EYE_INNER",
        "visibility": 0.9998860359191895
      },
      {
        "x": 0.5080443024635315,
        "y": 0.2878463864326477,
        "z": -0.6485563516616821,
        "id": 2,
        "name": "LEFT_EYE",
        "visibility": 0.9999030828475952
      },
      {
        "x": 0.5168709754943848,
        "y": 0.2844442129135132,
        "z": -0.6486347317695618,
        "id": 3,
        "name": "LEFT_EYE_OUTER",
        "visibility": 0.9998857975006104
      },
      {
        "x": 0.471290111541748,
        "y": 0.2898448705673218,
        "z": -0.648672878742218,
        "id": 4,
        "name": "RIGHT_EYE_INNER",
        "visibility": 0.9999430179595947
      },
      {
        "x": 0.4623309373855591,
        "y": 0.2870137691497803,
        "z": -0.6492949724197388,
        "id": 5,
        "name": "RIGHT_EYE",
        "visibility": 0.999958872795105
      },
      {
        "x": 0.4532290995121002,
        "y": 0.2833056449890137,
        "z": -0.6496626734733582,
        "id": 6,
        "name": "RIGHT_EYE_OUTER",
        "visibility": 0.9999502897262573
      },
      {
        "x": 0.5248790383338928,
        "y": 0.2761834859848022,
        "z": -0.4885972142219543,
        "id": 7,
        "name": "LEFT_EAR",
        "visibility": 0.9999527931213379
      },
      {
        "x": 0.4391305446624756,
        "y": 0.2757616639137268,
        "z": -0.4882083535194397,
        "id": 8,
        "name": "RIGHT_EAR",
        "visibility": 0.9999384880065918
      },
      {
        "x": 0.4999690651893616,
        "y": 0.3795473873615265,
        "z": -0.5988588929176331,
        "id": 9,
        "name": "MOUTH_LEFT",
        "visibility": 0.9999395608901978
      },
      {
        "x": 0.4703865349292755,
        "y": 0.3809906244277954,
        "z": -0.6015475392341614,
        "id": 10,
        "name": "MOUTH_RIGHT",
        "visibility": 0.9999376535415649
      },
      {
        "x": 0.6084639430046082,
        "y": 0.5051230192184448,
        "z": -0.3626206815242767,
        "id": 11,
        "name": "LEFT_SHOULDER",
        "visibility": 0.9999788999557495
      },
      {
        "x": 0.3627394139766693,
        "y": 0.5162984132766724,
        "z": -0.3591890633106232,
        "id": 12,
        "name": "RIGHT_SHOULDER",
        "visibility": 0.9999312162399292
      },
      {
        "x": 0.7136769890785217,
        "y": 0.7519510388374329,
        "z": -0.3485716879367828,
        "id": 13,
        "name": "LEFT_ELBOW",
        "visibility": 0.999140739440918
      },
      {
        "x": 0.2619762122631073,
        "y": 0.7572050094604492,
        "z": -0.3764848113059998,
        "id": 14,
        "name": "RIGHT_ELBOW",
        "visibility": 0.9923837780952454
      },
      {
        "x": 0.8292505145072937,
        "y": 0.9335640668869019,
        "z": -0.4772729277610779,
        "id": 15,
        "name": "LEFT_WRIST",
        "visibility": 0.9978779554367065
      },
      {
        "x": 0.1471975743770599,
        "y": 0.9559261798858643,
        "z": -0.532736599445343,
        "id": 16,
        "name": "RIGHT_WRIST",
        "visibility": 0.9966354966163635
      },
      {
        "x": 0.8684087991714478,
        "y": 0.9391411542892456,
        "z": -0.5042457580566406,
        "id": 17,
        "name": "LEFT_PINKY",
        "visibility": 0.9941522479057312
      },
      {
        "x": 0.1108419224619865,
        "y": 0.9548295140266418,
        "z": -0.5757350921630859,
        "id": 18,
        "name": "RIGHT_PINKY",
        "visibility": 0.9920992851257324
      },
      {
        "x": 0.8726550936698914,
        "y": 0.9463018774986267,
        "z": -0.5771206021308899,
        "id": 19,
        "name": "LEFT_INDEX",
        "visibility": 0.9961395859718323
      },
      {
        "x": 0.1012031733989716,
        "y": 0.949131190776825,
        "z": -0.6416002511978149,
        "id": 20,
        "name": "RIGHT_INDEX",
        "visibility": 0.9943891167640686
      },
      {
        "x": 0.8540955185890198,
        "y": 0.951819121837616,
        "z": -0.5116100311279297,
        "id": 21,
        "name": "LEFT_THUMB",
        "visibility": 0.9966468214988708
      },
      {
        "x": 0.1148344874382019,
        "y": 0.9551025629043579,
        "z": -0.5682576298713684,
        "id": 22,
        "name": "RIGHT_THUMB",
        "visibility": 0.9951164722442627
      },
      {
        "x": 0.5468952655792236,
        "y": 1.012324929237366,
        "z": 0.004298470448702574,
        "id": 23,
        "name": "LEFT_HIP",
        "visibility": 0.9812682271003723
      },
      {
        "x": 0.4314068853855133,
        "y": 1.02217423915863,
        "z": -0.004822382237762213,
        "id": 24,
        "name": "RIGHT_HIP",
        "visibility": 0.9818406701087952
      },
      {
        "x": 0.5331200957298279,
        "y": 1.394948959350586,
        "z": 0.1249571368098259,
        "id": 25,
        "name": "LEFT_KNEE",
        "visibility": 0.1041615232825279
      },
      {
        "x": 0.4230318367481232,
        "y": 1.343916893005371,
        "z": 0.0466216616332531,
        "id": 26,
        "name": "RIGHT_KNEE",
        "visibility": 0.0766334980726242
      },
      {
        "x": 0.5339624881744385,
        "y": 1.778925895690918,
        "z": 0.3656507432460785,
        "id": 27,
        "name": "LEFT_ANKLE",
        "visibility": 0.01258146576583385
      },
      {
        "x": 0.4174704253673553,
        "y": 1.735888719558716,
        "z": 0.3437437415122986,
        "id": 28,
        "name": "RIGHT_ANKLE",
        "visibility": 0.01225304882973433
      },
      {
        "x": 0.5351011157035828,
        "y": 1.825838804244995,
        "z": 0.3793656527996063,
        "id": 29,
        "name": "LEFT_HEEL",
        "visibility": 0.01744221523404121
      },
      {
        "x": 0.4150298237800598,
        "y": 1.787330985069275,
        "z": 0.3668414354324341,
        "id": 30,
        "name": "RIGHT_HEEL",
        "visibility": 0.01204858440905809
      },
      {
        "x": 0.5085011720657349,
        "y": 1.889863252639771,
        "z": 0.2258774191141129,
        "id": 31,
        "name": "LEFT_FOOT_INDEX",
        "visibility": 0.01920818164944649
      },
      {
        "x": 0.4214293360710144,
        "y": 1.848738431930542,
        "z": 0.2248363345861435,
        "id": 32,
        "name": "RIGHT_FOOT_INDEX",
        "visibility": 0.01340925972908735
      }
    ],
    "landmarks": [
      {
        "x": 0.4853823184967041,
        "y": 0.3384055495262146,
        "z": -0.6666041612625122,
        "id": 0,
        "name": "NOSE"
      },
      {
        "x": 0.4967394471168518,
        "y": 0.291128396987915,
        "z": -0.6480560898780823,
        "id": 1,
        "name": "LEFT_EYE_INNER"
      },
      {
        "x": 0.5080443024635315,
        "y": 0.2878463864326477,
        "z": -0.6485563516616821,
        "id": 2,
        "name": "LEFT_EYE"
      },
      {
        "x": 0.5168709754943848,
        "y": 0.2844442129135132,
        "z": -0.6486347317695618,
        "id": 3,
        "name": "LEFT_EYE_OUTER"
      },
      {
        "x": 0.471290111541748,
        "y": 0.2898448705673218,
        "z": -0.648672878742218,
        "id": 4,
        "name": "RIGHT_EYE_INNER"
      },
      {
        "x": 0.4623309373855591,
        "y": 0.2870137691497803,
        "z": -0.6492949724197388,
        "id": 5,
        "name": "RIGHT_EYE"
      },
      {
        "x": 0.4532290995121002,
        "y": 0.2833056449890137,
        "z": -0.6496626734733582,
        "id": 6,
        "name": "RIGHT_EYE_OUTER"
      },
      {
        "x": 0.5248790383338928,
        "y": 0.2761834859848022,
        "z": -0.4885972142219543,
        "id": 7,
        "name": "LEFT_EAR"
      },
      {
        "x": 0.4391305446624756,
        "y": 0.2757616639137268,
        "z": -0.4882083535194397,
        "id": 8,
        "name": "RIGHT_EAR"
      },
      {
        "x": 0.4999690651893616,
        "y": 0.3795473873615265,
        "z": -0.5988588929176331,
        "id": 9,
        "name": "MOUTH_LEFT"
      },
      {
        "x": 0.4703865349292755,
        "y": 0.3809906244277954,
        "z": -0.6015475392341614,
        "id": 10,
        "name": "MOUTH_RIGHT"
      },
      {
        "x": 0.6084639430046082,
        "y": 0.5051230192184448,
        "z": -0.3626206815242767,
        "id": 11,
        "name": "LEFT_SHOULDER"
      },
      {
        "x": 0.3627394139766693,
        "y": 0.5162984132766724,
        "z": -0.3591890633106232,
        "id": 12,
        "name": "RIGHT_SHOULDER"
      },
      {
        "x": 0.7136769890785217,
        "y": 0.7519510388374329,
        "z": -0.3485716879367828,
        "id": 13,
        "name": "LEFT_ELBOW"
      },
      {
        "x": 0.2619762122631073,
        "y": 0.7572050094604492,
        "z": -0.3764848113059998,
        "id": 14,
        "name": "RIGHT_ELBOW"
      },
      {
        "x": 0.8292505145072937,
        "y": 0.9335640668869019,
        "z": -0.4772729277610779,
        "id": 15,
        "name": "LEFT_WRIST"
      },
      {
        "x": 0.1471975743770599,
        "y": 0.9559261798858643,
        "z": -0.532736599445343,
        "id": 16,
        "name": "RIGHT_WRIST"
      },
      {
        "x": 0.8684087991714478,
        "y": 0.9391411542892456,
        "z": -0.5042457580566406,
        "id": 17,
        "name": "LEFT_PINKY"
      },
      {
        "x": 0.1108419224619865,
        "y": 0.9548295140266418,
        "z": -0.5757350921630859,
        "id": 18,
        "name": "RIGHT_PINKY"
      },
      {
        "x": 0.8726550936698914,
        "y": 0.9463018774986267,
        "z": -0.5771206021308899,
        "id": 19,
        "name": "LEFT_INDEX"
      },
      {
        "x": 0.1012031733989716,
        "y": 0.949131190776825,
        "z": -0.6416002511978149,
        "id": 20,
        "name": "RIGHT_INDEX"
      },
      {
        "x": 0.8540955185890198,
        "y": 0.951819121837616,
        "z": -0.5116100311279297,
        "id": 21,
        "name": "LEFT_THUMB"
      },
      {
        "x": 0.1148344874382019,
        "y": 0.9551025629043579,
        "z": -0.5682576298713684,
        "id": 22,
        "name": "RIGHT_THUMB"
      },
      {
        "x": 0.5468952655792236,
        "y": 1.012324929237366,
        "z": 0.004298470448702574,
        "id": 23,
        "name": "LEFT_HIP"
      },
      {
        "x": 0.4314068853855133,
        "y": 1.02217423915863,
        "z": -0.004822382237762213,
        "id": 24,
        "name": "RIGHT_HIP"
      },
      {
        "x": 0.5331200957298279,
        "y": 1.394948959350586,
        "z": 0.1249571368098259,
        "id": 25,
        "name": "LEFT_KNEE"
      },
      {
        "x": 0.4230318367481232,
        "y": 1.343916893005371,
        "z": 0.0466216616332531,
        "id": 26,
        "name": "RIGHT_KNEE"
      },
      {
        "x": 0.5339624881744385,
        "y": 1.778925895690918,
        "z": 0.3656507432460785,
        "id": 27,
        "name": "LEFT_ANKLE"
      },
      {
        "x": 0.4174704253673553,
        "y": 1.735888719558716,
        "z": 0.3437437415122986,
        "id": 28,
        "name": "RIGHT_ANKLE"
      },
      {
        "x": 0.5351011157035828,
        "y": 1.825838804244995,
        "z": 0.3793656527996063,
        "id": 29,
        "name": "LEFT_HEEL"
      },
      {
        "x": 0.4150298237800598,
        "y": 1.787330985069275,
        "z": 0.3668414354324341,
        "id": 30,
        "name": "RIGHT_HEEL"
      },
      {
        "x": 0.5085011720657349,
        "y": 1.889863252639771,
        "z": 0.2258774191141129,
        "id": 31,
        "name": "LEFT_FOOT_INDEX"
      },
      {
        "x": 0.4214293360710144,
        "y": 1.848738431930542,
        "z": 0.2248363345861435,
        "id": 32,
        "name": "RIGHT_FOOT_INDEX"
      }
    ],
    "visibility": [
      0.9999819993972778,
      0.9998860359191895,
      0.9999030828475952,
      0.9998857975006104,
      0.9999430179595947,
      0.999958872795105,
      0.9999502897262573,
      0.9999527931213379,
      0.9999384880065918,
      0.9999395608901978,
      0.9999376535415649,
      0.9999788999557495,
      0.9999312162399292,
      0.999140739440918,
      0.9923837780952454,
      0.9978779554367065,
      0.9966354966163635,
      0.9941522479057312,
      0.9920992851257324,
      0.9961395859718323,
      0.9943891167640686,
      0.9966468214988708,
      0.9951164722442627,
      0.9812682271003723,
      0.9818406701087952,
      0.1041615232825279,
      0.0766334980726242,
      0.01258146576583385,
      0.01225304882973433,
      0.01744221523404121,
      0.01204858440905809,
      0.01920818164944649,
      0.01340925972908735
    ],
    "createdAt": "2025-06-17T13:30:16.719Z",
    "updatedAt": "2025-06-17T13:30:16.719Z"
  }
]